{
	"song": {
		"notes": [
			{
				"changeBPM": false,
				"bpm": 110,
				"typeOfSection": 0,
				"lengthInSteps": 500,
				"mustHitSection": false,
				"sectionNotes": [
					[
						64500,
						6,
						409.0909090909091
					],
					[
						34363.63636363637,
						5,
						0
					],
					[
						50727.27272727273,
						4,
						0
					],
					[
						50727.27272727273,
						7,
						0
					],
					[
						45272.72727272727,
						5,
						0
					],
					[
						4500,
						1,
						954.5454545454546
					],
					[
						3954.5454545454545,
						0,
						545.4545454545454
					],
					[
						22090.90909090909,
						2,
						272.7272727272727
					],
					[
						43909.090909090904,
						5,
						0
					],
					[
						49363.63636363637,
						4,
						0
					],
					[
						36681.81818181818,
						2,
						0
					],
					[
						20318.181818181816,
						3,
						0
					],
					[
						25772.727272727272,
						0,
						0
					],
					[
						12545.454545454544,
						4,
						409.0909090909091
					],
					[
						33818.18181818182,
						5,
						0
					],
					[
						39272.72727272727,
						3,
						0
					],
					[
						44727.27272727273,
						5,
						0
					],
					[
						50181.81818181818,
						4,
						0
					],
					[
						21545.454545454548,
						1,
						0
					],
					[
						54681.81818181818,
						3,
						545.4545454545454
					],
					[
						49909.090909090904,
						4,
						0
					],
					[
						44454.545454545456,
						5,
						0
					],
					[
						27409.09090909091,
						6,
						545.4545454545454
					],
					[
						11045.454545454544,
						5,
						818.1818181818182
					],
					[
						42681.81818181818,
						0,
						409.0909090909091
					],
					[
						42681.81818181818,
						3,
						409.0909090909091
					],
					[
						20863.636363636364,
						2,
						0
					],
					[
						12000,
						7,
						409.0909090909091
					],
					[
						38318.18181818182,
						2,
						0
					],
					[
						46363.63636363637,
						4,
						0
					],
					[
						35454.545454545456,
						2,
						0
					],
					[
						30000,
						6,
						0
					],
					[
						39545.454545454544,
						3,
						0
					],
					[
						45000,
						5,
						0
					],
					[
						50454.545454545456,
						4,
						0
					],
					[
						55227.27272727273,
						3,
						545.4545454545454
					],
					[
						49500,
						7,
						0
					],
					[
						1636.3636363636365,
						1,
						409.0909090909091
					],
					[
						38590.909090909096,
						2,
						0
					],
					[
						24681.818181818184,
						0,
						0
					],
					[
						30136.363636363636,
						4,
						0
					],
					[
						48272.72727272727,
						6,
						0
					],
					[
						8181.818181818182,
						1,
						681.8181818181818
					],
					[
						37363.63636363637,
						3,
						0
					],
					[
						60000,
						1,
						409.0909090909091
					],
					[
						45818.18181818182,
						4,
						0
					],
					[
						29454.545454545452,
						6,
						0
					],
					[
						34909.090909090904,
						2,
						0
					],
					[
						25909.09090909091,
						0,
						0
					],
					[
						45545.454545454544,
						5,
						0
					],
					[
						40090.909090909096,
						1,
						272.7272727272727
					],
					[
						40090.909090909096,
						2,
						272.7272727272727
					],
					[
						51000,
						7,
						0
					],
					[
						60409.090909090904,
						3,
						545.4545454545454
					],
					[
						38045.454545454544,
						0,
						0
					],
					[
						19772.727272727272,
						3,
						0
					],
					[
						25227.272727272728,
						2,
						0
					],
					[
						41590.909090909096,
						0,
						0
					],
					[
						36136.36363636363,
						2,
						0
					],
					[
						42272.72727272727,
						1,
						272.7272727272727
					],
					[
						42272.72727272727,
						2,
						272.7272727272727
					],
					[
						13090.909090909092,
						6,
						954.5454545454546
					],
					[
						47727.27272727273,
						7,
						0
					],
					[
						21681.818181818184,
						0,
						0
					],
					[
						47454.545454545456,
						7,
						0
					],
					[
						58636.36363636363,
						0,
						0
					],
					[
						25636.363636363636,
						0,
						0
					],
					[
						36545.454545454544,
						1,
						0
					],
					[
						31090.90909090909,
						5,
						545.4545454545454
					],
					[
						40636.36363636363,
						2,
						0
					],
					[
						46090.909090909096,
						4,
						0
					],
					[
						35181.81818181818,
						2,
						0
					],
					[
						61090.909090909096,
						0,
						0
					],
					[
						18136.363636363636,
						0,
						409.0909090909091
					],
					[
						39681.81818181818,
						0,
						272.7272727272727
					],
					[
						50590.909090909096,
						4,
						0
					],
					[
						50590.909090909096,
						7,
						0
					],
					[
						23590.90909090909,
						2,
						409.0909090909091
					],
					[
						29045.454545454548,
						5,
						272.7272727272727
					],
					[
						36272.72727272727,
						1,
						0
					],
					[
						64909.090909090904,
						7,
						409.0909090909091
					],
					[
						14727.272727272726,
						4,
						409.0909090909091
					],
					[
						50863.63636363637,
						4,
						0
					],
					[
						41454.545454545456,
						3,
						0
					],
					[
						46909.090909090904,
						7,
						0
					],
					[
						25090.90909090909,
						3,
						0
					],
					[
						30545.454545454548,
						5,
						545.4545454545454
					],
					[
						36000,
						3,
						0
					],
					[
						67227.27272727274,
						6,
						0
					],
					[
						46636.36363636363,
						4,
						0
					],
					[
						61363.63636363637,
						2,
						0
					],
					[
						33272.72727272727,
						5,
						409.0909090909091
					],
					[
						26863.636363636364,
						5,
						545.4545454545454
					],
					[
						18681.818181818184,
						2,
						272.7272727272727
					],
					[
						58909.090909090904,
						2,
						545.4545454545454
					],
					[
						7772.727272727272,
						2,
						272.7272727272727
					],
					[
						39136.36363636363,
						0,
						0
					],
					[
						55909.090909090904,
						0,
						409.0909090909091
					],
					[
						50045.454545454544,
						7,
						0
					],
					[
						29590.90909090909,
						4,
						0
					],
					[
						24136.363636363636,
						0,
						545.4545454545454
					],
					[
						34500,
						7,
						0
					],
					[
						67636.36363636365,
						6,
						1500
					],
					[
						51409.090909090904,
						6,
						1090.9090909090908
					],
					[
						14181.818181818182,
						7,
						409.0909090909091
					],
					[
						57818.18181818182,
						1,
						545.4545454545454
					],
					[
						47181.81818181818,
						7,
						0
					],
					[
						16909.09090909091,
						5,
						545.4545454545454
					],
					[
						48818.18181818182,
						6,
						0
					],
					[
						38727.27272727273,
						1,
						0
					],
					[
						66409.09090909091,
						6,
						545.4545454545454
					],
					[
						3409.090909090909,
						2,
						545.4545454545454
					],
					[
						25363.636363636364,
						3,
						0
					],
					[
						48409.090909090904,
						6,
						0
					],
					[
						49636.36363636363,
						4,
						0
					],
					[
						44181.81818181818,
						5,
						0
					],
					[
						32181.81818181818,
						6,
						545.4545454545454
					],
					[
						8727.272727272726,
						5,
						954.5454545454546
					],
					[
						21272.727272727272,
						3,
						0
					],
					[
						61227.27272727273,
						1,
						0
					],
					[
						43636.36363636363,
						5,
						0
					],
					[
						48545.454545454544,
						6,
						0
					],
					[
						51136.36363636363,
						5,
						136.36363636363635
					],
					[
						37636.36363636363,
						3,
						0
					],
					[
						40772.72727272727,
						2,
						0
					],
					[
						22500,
						2,
